20191039si marlon Marlon_Nascimento_Santana 16092001 SrDuelo13@gmail.com 028_99956_6685 0 1 0 0 80 0 1
20191033si marlon Nascimento_Santana 16092001 SrDuelo13@gmail.com 028_99956_6685 0 1 0 0 79 0 1
20191031si marlon Santana 16092001 SrDuelo13@gmail.com 028_99956_6685 1 0 0 0 68 0 1
20191002si novo novo 16092001 adaedead@gmail.com 028_99970_7070 1 0 0 0 45 0 1
20191632me 123456 Jurandi_Golsalves 16122000 JuridinhoCranivaldo@gmail.com 028_3514_8686 1 0 0 0 78 0 1
20191496eg 123 Lucas_Guizzi_GCL 29042000 Guizzilucas@gmail.com 028_3587_8768 1 0 0 0 48 0 1
20191333si 1234567 Joazinho 29012063 joazinho123@gmail.com 028_9999_4534 1 0 0 0 38 0 1
20191539si lucas Kaliel 29062000 kaliel@gmail.com 028_65453_6545 1 0 0 0 59 0 1
20191543si poke Jani_Sara 29072000 jani@gmail.com 028_99999_9994 0 1 0 0 29 0 1
